timestamp,portfolio,scores,total_value
2025-01-30 00:00:00,"{'BTC': 0.02957542378754557, 'ETH': 0.7385358039212111, 'SOL': 14.96427268349456, 'DOGE': 3529.167571790251, 'USDT': 990000.0}","{'BTC': 0.8, 'ETH': 0.6, 'SOL': 0.9, 'DOGE': 0.3, 'USDT': -0.7}",999980.1396999999
2025-01-30 01:00:00,"{'BTC': 0.059086305295094135, 'ETH': 1.4739451169529838, 'SOL': 29.72677419780489, 'DOGE': 7034.275821453245, 'USDT': 979999.2749774244}","{'BTC': 0.8, 'ETH': 0.6, 'SOL': 0.9, 'DOGE': 0.3, 'USDT': -0.5}",1000039.5076655516
2025-01-30 02:00:00,"{'BTC': 0.08848925751477937, 'ETH': 2.2056104524825395, 'SOL': 44.302172288112565, 'DOGE': 10517.19151855157, 'USDT': 969997.0136366084}","{'BTC': 0.8, 'ETH': 0.6, 'SOL': 0.9, 'DOGE': 0.3, 'USDT': -0.5}",1000169.8414547899
2025-01-30 03:00:00,"{'BTC': 0.11774786470918536, 'ETH': 2.9269205122794304, 'SOL': 58.71885069399045, 'DOGE': 13983.215349626316, 'USDT': 959991.8803793786}","{'BTC': 0.8, 'ETH': 0.6, 'SOL': 0.9, 'DOGE': 0.3, 'USDT': -0.5}",1000471.7965159098
2025-01-30 04:00:00,"{'BTC': 0.14693307573314118, 'ETH': 3.6490389820846985, 'SOL': 73.09569884934103, 'DOGE': 17433.716859397493, 'USDT': 949985.9059902667}","{'BTC': 0.8, 'ETH': 0.6, 'SOL': 0.9, 'DOGE': 0.3, 'USDT': -0.5}",1000578.4723866142
2025-01-30 05:00:00,"{'BTC': 0.179956098209005, 'ETH': 4.3297843574144075, 'SOL': 85.77204521893569, 'DOGE': 21362.02447714284, 'USDT': 939981.1313725073}","{'BTC': 0.8, 'ETH': 0.5, 'SOL': 0.7, 'DOGE': 0.3, 'USDT': -0.5}",1000475.1320641204
2025-01-30 06:00:00,"{'BTC': 0.21165268363505974, 'ETH': 5.114659708914276, 'SOL': 97.98934168006048, 'DOGE': 25136.36232133715, 'USDT': 929978.4853992274}","{'BTC': 0.8, 'ETH': 0.6, 'SOL': 0.7, 'DOGE': 0.3, 'USDT': -0.5}",1000302.9461723166
2025-01-30 07:00:00,"{'BTC': 0.24336479380318632, 'ETH': 5.898342850375733, 'SOL': 110.20367632366502, 'DOGE': 28913.237496353126, 'USDT': 919975.6891558215}","{'BTC': 0.8, 'ETH': 0.6, 'SOL': 0.7, 'DOGE': 0.3, 'USDT': -0.5}",1000224.6051601878
2025-01-30 08:00:00,"{'BTC': 0.27648345577879646, 'ETH': 6.712570355733276, 'SOL': 122.90766156175553, 'DOGE': 31544.724483878716, 'USDT': 909971.4681486952}","{'BTC': 0.8, 'ETH': 0.6, 'SOL': 0.7, 'DOGE': 0.2, 'USDT': -0.5}",1000421.251554348
2025-01-30 09:00:00,"{'BTC': 0.3081265886961274, 'ETH': 7.489184978519148, 'SOL': 135.04602532944617, 'DOGE': 35300.499874702786, 'USDT': 899963.3660101679}","{'BTC': 0.8, 'ETH': 0.6, 'SOL': 0.7, 'DOGE': 0.3, 'USDT': -0.4}",1000679.2179039188
2025-01-30 10:00:00,"{'BTC': 0.33979823499098305, 'ETH': 8.266466466686722, 'SOL': 147.11574683997506, 'DOGE': 39068.67889754969, 'USDT': 889954.1956895953}","{'BTC': 0.8, 'ETH': 0.6, 'SOL': 0.7, 'DOGE': 0.3, 'USDT': -0.5}",1000813.0312725909
2025-01-30 11:00:00,"{'BTC': 0.37148105488697863, 'ETH': 9.042998358779979, 'SOL': 159.1930980617892, 'DOGE': 42817.20508862504, 'USDT': 879944.3663142186}","{'BTC': 0.8, 'ETH': 0.6, 'SOL': 0.7, 'DOGE': 0.3, 'USDT': -0.5}",1000913.1740318312
2025-01-30 12:00:00,"{'BTC': 0.40776805767291996, 'ETH': 9.930689454612121, 'SOL': 173.09280325012895, 'DOGE': 42817.20508862504, 'USDT': 869939.8572782758}","{'BTC': 0.8, 'ETH': 0.6, 'SOL': 0.7, 'DOGE': 0.0, 'USDT': -0.4}",1000364.7013429014
2025-01-30 13:00:00,"{'BTC': 0.4371393490949555, 'ETH': 10.638734177233802, 'SOL': 187.47941568113112, 'DOGE': 46270.496347847096, 'USDT': 859928.6016441925}","{'BTC': 0.8, 'ETH': 0.6, 'SOL': 0.9, 'DOGE': 0.3, 'USDT': -0.5}",1001011.5732494228
2025-01-30 14:00:00,"{'BTC': 0.46866255182097005, 'ETH': 11.404398596867384, 'SOL': 199.53067145272956, 'DOGE': 49971.46936137592, 'USDT': 849906.5566532335}","{'BTC': 0.8, 'ETH': 0.6, 'SOL': 0.7, 'DOGE': 0.3, 'USDT': -0.5}",1002134.0872144017
2025-01-30 15:00:00,"{'BTC': 0.5002737120292016, 'ETH': 12.173246020858091, 'SOL': 211.62630866960933, 'DOGE': 53677.424994330795, 'USDT': 839890.3219283399}","{'BTC': 0.8, 'ETH': 0.6, 'SOL': 0.7, 'DOGE': 0.3, 'USDT': -0.5}",1001756.8036980719
2025-01-30 16:00:00,"{'BTC': 0.5318642497184708, 'ETH': 12.937222262044346, 'SOL': 223.62573615976805, 'DOGE': 57402.44765235469, 'USDT': 829866.8755830991}","{'BTC': 0.8, 'ETH': 0.6, 'SOL': 0.7, 'DOGE': 0.3, 'USDT': -0.5}",1002338.23415265
2025-01-30 17:00:00,"{'BTC': 0.563550661082182, 'ETH': 13.70192960701143, 'SOL': 235.7205375909006, 'DOGE': 61136.28893317072, 'USDT': 819851.7082176082}","{'BTC': 0.8, 'ETH': 0.6, 'SOL': 0.7, 'DOGE': 0.3, 'USDT': -0.5}",1001548.2520774517
2025-01-30 18:00:00,"{'BTC': 0.5951607193538228, 'ETH': 14.46736619098806, 'SOL': 247.81744717198922, 'DOGE': 64860.93474542221, 'USDT': 809834.8137300034}","{'BTC': 0.8, 'ETH': 0.6, 'SOL': 0.7, 'DOGE': 0.3, 'USDT': -0.5}",1001823.6086344303
2025-01-30 19:00:00,"{'BTC': 0.626734906333188, 'ETH': 15.232628556872093, 'SOL': 259.9135246390203, 'DOGE': 68583.36320662688, 'USDT': 799816.6907995131}","{'BTC': 0.8, 'ETH': 0.6, 'SOL': 0.7, 'DOGE': 0.3, 'USDT': -0.5}",1001893.2132348218
2025-01-30 20:00:00,"{'BTC': 0.6668362835104237, 'ETH': 16.04623292282351, 'SOL': 273.11746993909065, 'DOGE': 68583.36320662688, 'USDT': 789818.1776733259}","{'BTC': 0.8, 'ETH': 0.5, 'SOL': 0.6, 'DOGE': 0.0, 'USDT': -0.3}",1000072.0545922995
2025-01-30 21:00:00,"{'BTC': 0.7031070772453074, 'ETH': 16.78020460548906, 'SOL': 284.9838349991269, 'DOGE': 71441.4636495552, 'USDT': 779811.5561098484}","{'BTC': 0.8, 'ETH': 0.5, 'SOL': 0.6, 'DOGE': 0.2, 'USDT': -0.4}",1000790.8362976124
2025-01-30 22:00:00,"{'BTC': 0.7393662751234277, 'ETH': 17.656722852859083, 'SOL': 294.89404493195633, 'DOGE': 74297.20249311918, 'USDT': 769802.9087314644}","{'BTC': 0.8, 'ETH': 0.6, 'SOL': 0.5, 'DOGE': 0.2, 'USDT': -0.4}",1000992.8447215582
2025-01-30 23:00:00,"{'BTC': 0.7711740983907378, 'ETH': 18.511542051948275, 'SOL': 311.1743774034351, 'DOGE': 74297.20249311918, 'USDT': 759804.6614969828}","{'BTC': 0.6, 'ETH': 0.5, 'SOL': 0.7, 'DOGE': 0.0, 'USDT': -0.3}",999941.9741932527
2025-01-31 00:00:00,"{'BTC': 0.6786332065838493, 'ETH': 19.822067548115566, 'SOL': 326.1076579128991, 'DOGE': 80726.0386124179, 'USDT': 759511.1996250106}","{'BTC': -0.2, 'ETH': 0.6, 'SOL': 0.5, 'DOGE': 0.3, 'USDT': -0.4}",1000579.0739597713
2025-01-31 01:00:00,"{'BTC': 0.5564792293987564, 'ETH': 21.131761391588775, 'SOL': 341.1037934346936, 'DOGE': 87165.14117019574, 'USDT': 762310.0434270592}","{'BTC': -0.3, 'ETH': 0.6, 'SOL': 0.5, 'DOGE': 0.3, 'USDT': 0.0}",1000044.5302529741
2025-01-31 02:00:00,"{'BTC': 0.45631296810698024, 'ETH': 22.550568364765983, 'SOL': 357.24480155154794, 'DOGE': 91814.91522550627, 'USDT': 762775.517033765}","{'BTC': -0.3, 'ETH': 0.6, 'SOL': 0.5, 'DOGE': 0.2, 'USDT': 0.0}",999167.7542110711
2025-01-31 03:00:00,"{'BTC': 0.3741766338477238, 'ETH': 23.65313468623819, 'SOL': 375.3402595783172, 'DOGE': 98301.51399933589, 'USDT': 761369.2639693025}","{'BTC': -0.3, 'ETH': 0.5, 'SOL': 0.6, 'DOGE': 0.3, 'USDT': -0.1}",997977.4182697169
2025-01-31 04:00:00,"{'BTC': 0.3068248397551335, 'ETH': 24.845002347799426, 'SOL': 388.32583758478967, 'DOGE': 102982.15304280729, 'USDT': 759938.832649702}","{'BTC': -0.3, 'ETH': 0.5, 'SOL': 0.4, 'DOGE': 0.2, 'USDT': 0.2}",997332.93836441
2025-01-31 05:00:00,"{'BTC': 0.2515963685992095, 'ETH': 26.264882284094845, 'SOL': 404.4734525066371, 'DOGE': 107642.41700023043, 'USDT': 755712.6382503886}","{'BTC': -0.3, 'ETH': 0.6, 'SOL': 0.5, 'DOGE': 0.2, 'USDT': -0.4}",998973.0045208379
2025-01-31 06:00:00,"{'BTC': 0.20630902225135178, 'ETH': 27.70597327928516, 'SOL': 419.2871608098467, 'DOGE': 112977.72286526882, 'USDT': 750451.281726255}","{'BTC': -0.3, 'ETH': 0.8, 'SOL': 0.6, 'DOGE': 0.3, 'USDT': -0.4}",999639.5046544513
2025-01-31 07:00:00,"{'BTC': 0.21827675152105616, 'ETH': 28.859822807495977, 'SOL': 432.49345245664483, 'DOGE': 118647.30942259924, 'USDT': 740469.6003358369}","{'BTC': 0.2, 'ETH': 0.6, 'SOL': 0.5, 'DOGE': 0.3, 'USDT': -0.3}",998148.4267183142
2025-01-31 08:00:00,"{'BTC': 0.17898693624726605, 'ETH': 30.179602136564302, 'SOL': 447.6143394508033, 'DOGE': 125153.98925158003, 'USDT': 734583.5698670001}","{'BTC': -0.3, 'ETH': 0.6, 'SOL': 0.5, 'DOGE': 0.3, 'USDT': -0.1}",997495.9433851531
2025-01-31 09:00:00,"{'BTC': 0.19694144078286074, 'ETH': 31.32571816097666, 'SOL': 460.83280166803974, 'DOGE': 128942.86795993673, 'USDT': 724595.3756042921}","{'BTC': 0.3, 'ETH': 0.6, 'SOL': 0.5, 'DOGE': 0.2, 'USDT': -0.3}",998779.8142909373
2025-01-31 10:00:00,"{'BTC': 0.2148964520923269, 'ETH': 32.4709226483542, 'SOL': 474.0366460529394, 'DOGE': 132730.22179352638, 'USDT': 714604.1687351059}","{'BTC': 0.3, 'ETH': 0.6, 'SOL': 0.5, 'DOGE': 0.2, 'USDT': -0.4}",999073.0049828809
2025-01-31 11:00:00,"{'BTC': 0.17621509071570807, 'ETH': 34.074135053259134, 'SOL': 488.0165965637317, 'DOGE': 136745.99600167104, 'USDT': 708626.9182773116}","{'BTC': -0.3, 'ETH': 0.8, 'SOL': 0.5, 'DOGE': 0.2, 'USDT': -0.2}",1003016.2939091998
2025-01-31 12:00:00,"{'BTC': 0.17621509071570807, 'ETH': 35.4844579001347, 'SOL': 502.7230420125579, 'DOGE': 142037.99354163863, 'USDT': 698578.5225306258}","{'BTC': 0.0, 'ETH': 0.8, 'SOL': 0.6, 'DOGE': 0.3, 'USDT': -0.2}",1004827.223883914
2025-01-31 13:00:00,"{'BTC': 0.14449637438688062, 'ETH': 36.98171431699797, 'SOL': 515.771749108847, 'DOGE': 147623.11986839992, 'USDT': 691849.1793893222}","{'BTC': -0.3, 'ETH': 0.8, 'SOL': 0.5, 'DOGE': 0.3, 'USDT': -0.2}",1005033.9687220408
2025-01-31 14:00:00,"{'BTC': 0.11848702699724212, 'ETH': 38.47666874237386, 'SOL': 528.9971545359796, 'DOGE': 153251.5738335558, 'USDT': 684542.6081235206}","{'BTC': -0.3, 'ETH': 0.8, 'SOL': 0.5, 'DOGE': 0.3, 'USDT': -0.5}",1002409.1298284158
2025-01-31 15:00:00,"{'BTC': 0.13152427627700258, 'ETH': 39.54622282054062, 'SOL': 540.433261540999, 'DOGE': 159972.20354150052, 'USDT': 674458.1620389826}","{'BTC': 0.3, 'ETH': 0.8, 'SOL': 0.6, 'DOGE': 0.5, 'USDT': -0.3}",1008628.3472631471
2025-01-31 16:00:00,"{'BTC': 0.14748181727624393, 'ETH': 40.85998403579726, 'SOL': 552.1263729420459, 'DOGE': 163264.96947297608, 'USDT': 664393.3335340699}","{'BTC': 0.3, 'ETH': 0.8, 'SOL': 0.5, 'DOGE': 0.2, 'USDT': -0.3}",1006528.2493093142
2025-01-31 17:00:00,"{'BTC': 0.12978399920309466, 'ETH': 42.17918239923558, 'SOL': 566.3002380236852, 'DOGE': 169921.8492577065, 'USDT': 656218.0173537907}","{'BTC': -0.2, 'ETH': 0.8, 'SOL': 0.6, 'DOGE': 0.4, 'USDT': -0.4}",1002764.6694313695
2025-01-31 18:00:00,"{'BTC': 0.10642287934653763, 'ETH': 43.513736175079636, 'SOL': 580.6783391088359, 'DOGE': 176669.26497529683, 'USDT': 648657.6153339598}","{'BTC': -0.3, 'ETH': 0.8, 'SOL': 0.6, 'DOGE': 0.4, 'USDT': -0.5}",995742.8817041653
2025-01-31 19:00:00,"{'BTC': 0.08726676106416086, 'ETH': 44.79280476662326, 'SOL': 596.0992173963508, 'DOGE': 183152.9758188315, 'USDT': 640645.5488178933}","{'BTC': -0.3, 'ETH': 0.6, 'SOL': 0.5, 'DOGE': 0.3, 'USDT': -0.2}",996891.3125882441
2025-01-31 20:00:00,"{'BTC': 0.0715587440726119, 'ETH': 46.07819973819923, 'SOL': 611.5322845350972, 'DOGE': 189655.85103173778, 'USDT': 632286.888257423}","{'BTC': -0.3, 'ETH': 0.6, 'SOL': 0.5, 'DOGE': 0.3, 'USDT': 0.0}",995214.4216830004
2025-01-31 21:00:00,"{'BTC': 0.058678170139541755, 'ETH': 47.36356638532186, 'SOL': 626.9758974020125, 'DOGE': 196134.94821385088, 'USDT': 623643.47984951}","{'BTC': -0.3, 'ETH': 0.6, 'SOL': 0.5, 'DOGE': 0.3, 'USDT': 0.0}",995608.2090986394
2025-01-31 22:00:00,"{'BTC': 0.04811609951442424, 'ETH': 48.442027297718425, 'SOL': 645.4287805387602, 'DOGE': 202600.22574197102, 'USDT': 614769.2640282629}","{'BTC': -0.3, 'ETH': 0.5, 'SOL': 0.6, 'DOGE': 0.3, 'USDT': -0.2}",995222.6677331751
2025-01-31 23:00:00,"{'BTC': 0.039455201601827875, 'ETH': 49.735130825698064, 'SOL': 660.7548201490239, 'DOGE': 209060.39461473285, 'USDT': 605691.32174326}","{'BTC': -0.3, 'ETH': 0.6, 'SOL': 0.5, 'DOGE': 0.3, 'USDT': 0.0}",996298.3243404533
2025-02-01 00:00:00,"{'BTC': 0.03235326531349886, 'ETH': 51.4060646003596, 'SOL': 679.788710047483, 'DOGE': 209060.39461473285, 'USDT': 596440.0266079778}","{'BTC': -0.3, 'ETH': 0.5, 'SOL': 0.4, 'DOGE': 0.0, 'USDT': -0.2}",997609.2813388647
2025-02-01 01:00:00,"{'BTC': 0.026529677557069063, 'ETH': 52.56381897009768, 'SOL': 699.5695680358104, 'DOGE': 209060.39461473285, 'USDT': 588593.2059295698}","{'BTC': -0.3, 'ETH': 0.5, 'SOL': 0.6, 'DOGE': 0.0, 'USDT': 0.2}",997785.049604313
2025-02-01 02:00:00,"{'BTC': 0.021754335596796633, 'ETH': 53.72367768040509, 'SOL': 719.3116278231137, 'DOGE': 209060.39461473285, 'USDT': 580641.1492017119}","{'BTC': -0.3, 'ETH': 0.5, 'SOL': 0.6, 'DOGE': 0.0, 'USDT': 0.2}",997458.555212859
2025-02-01 03:00:00,"{'BTC': 0.01783855518937324, 'ETH': 55.09731901254171, 'SOL': 734.9205292565287, 'DOGE': 209060.39461473285, 'USDT': 572896.7366782099}","{'BTC': -0.3, 'ETH': 0.5, 'SOL': 0.4, 'DOGE': 0.0, 'USDT': 0.2}",995319.9403608884
2025-02-01 04:00:00,"{'BTC': 0.014627615255286056, 'ETH': 56.470895558563214, 'SOL': 750.5174090597327, 'DOGE': 209060.39461473285, 'USDT': 565074.8272592755}","{'BTC': -0.3, 'ETH': 0.5, 'SOL': 0.4, 'DOGE': 0.0, 'USDT': 0.2}",996039.5546693257
2025-02-01 05:00:00,"{'BTC': 0.011994644509334566, 'ETH': 57.07466255320297, 'SOL': 771.9360152259306, 'DOGE': 209060.39461473285, 'USDT': 558367.364884608}","{'BTC': -0.3, 'ETH': 0.2, 'SOL': 0.5, 'DOGE': 0.0, 'USDT': 0.3}",996637.3025897008
2025-02-01 06:00:00,"{'BTC': 0.008396251156534196, 'ETH': 57.77140799068399, 'SOL': 791.7553322210101, 'DOGE': 209060.39461473285, 'USDT': 551842.4899590042}","{'BTC': -0.5, 'ETH': 0.3, 'SOL': 0.6, 'DOGE': 0.0, 'USDT': 0.4}",995562.2136226918
2025-02-01 07:00:00,"{'BTC': 0.006884925948358041, 'ETH': 58.52826977159642, 'SOL': 818.628594637655, 'DOGE': 209060.39461473285, 'USDT': 543301.5051980185}","{'BTC': -0.3, 'ETH': 0.2, 'SOL': 0.5, 'DOGE': 0.0, 'USDT': 0.1}",993602.5452046585
2025-02-01 08:00:00,"{'BTC': 0.004819448163850628, 'ETH': 59.43835910790902, 'SOL': 840.2206051783421, 'DOGE': 209060.39461473285, 'USDT': 535580.1669873036}","{'BTC': -0.5, 'ETH': 0.3, 'SOL': 0.5, 'DOGE': 0.0, 'USDT': 0.2}",991287.4765620993
2025-02-01 09:00:00,"{'BTC': 0.0033736137146954397, 'ETH': 60.74456485447387, 'SOL': 852.6314960551786, 'DOGE': 183973.1472609649, 'USDT': 536738.1225998017}","{'BTC': -0.5, 'ETH': 0.3, 'SOL': 0.2, 'DOGE': -0.2, 'USDT': 0.2}",986097.84028752
2025-02-01 10:00:00,"{'BTC': 0.002361529600286808, 'ETH': 61.354294023939154, 'SOL': 865.6913840220456, 'DOGE': 183973.1472609649, 'USDT': 531910.5084738204}","{'BTC': -0.5, 'ETH': 0.2, 'SOL': 0.3, 'DOGE': 0.0, 'USDT': 0.5}",985875.2707532279
2025-02-01 11:00:00,"{'BTC': 0.0019364542722351825, 'ETH': 61.96246126937969, 'SOL': 887.3734664538063, 'DOGE': 183973.1472609649, 'USDT': 525030.7834326827}","{'BTC': -0.3, 'ETH': 0.2, 'SOL': 0.5, 'DOGE': 0.0, 'USDT': 0.3}",988689.9496388275
2025-02-01 12:00:00,"{'BTC': 0.0015878925032328497, 'ETH': 62.87224610607062, 'SOL': 908.9903806837997, 'DOGE': 183973.1472609649, 'USDT': 517139.1924369834}","{'BTC': -0.3, 'ETH': 0.3, 'SOL': 0.5, 'DOGE': 0.0, 'USDT': 0.2}",990681.9945846547
2025-02-01 13:00:00,"{'BTC': 0.001111524752262995, 'ETH': 63.48033751377601, 'SOL': 923.4802466452784, 'DOGE': 183973.1472609649, 'USDT': 511923.2041259321}","{'BTC': -0.5, 'ETH': 0.3, 'SOL': 0.5, 'DOGE': 0.0, 'USDT': 0.7}",986904.6257376584
2025-02-01 14:00:00,"{'BTC': 0.0009114502968556559, 'ETH': 64.39250868552843, 'SOL': 945.3314783012861, 'DOGE': 183973.1472609649, 'USDT': 504064.72030498524}","{'BTC': -0.3, 'ETH': 0.3, 'SOL': 0.5, 'DOGE': 0.0, 'USDT': 0.2}",984706.9625187616
2025-02-01 15:00:00,"{'BTC': 0.0008020762612329772, 'ETH': 65.40421902430113, 'SOL': 969.5469493031358, 'DOGE': 183973.1472609649, 'USDT': 495304.6512776129}","{'BTC': -0.2, 'ETH': 0.3, 'SOL': 0.5, 'DOGE': 0.0, 'USDT': 0.1}",986738.2115439486
2025-02-01 16:00:00,"{'BTC': 0.0006577025342110413, 'ETH': 66.16303567905061, 'SOL': 996.8966472053545, 'DOGE': 183973.1472609649, 'USDT': 486705.3093716078}","{'BTC': -0.3, 'ETH': 0.2, 'SOL': 0.5, 'DOGE': 0.0, 'USDT': 0.1}",984381.7043709836
2025-02-01 17:00:00,"{'BTC': 0.0005393160780530539, 'ETH': 67.3283349456817, 'SOL': 1016.9714926908873, 'DOGE': 183973.1472609649, 'USDT': 478353.32603791315}","{'BTC': -0.3, 'ETH': 0.5, 'SOL': 0.6, 'DOGE': 0.0, 'USDT': 0.2}",988342.1242270236
2025-02-01 18:00:00,"{'BTC': 0.0004422391840035042, 'ETH': 67.93523782863977, 'SOL': 1038.878227643428, 'DOGE': 172934.75842530702, 'USDT': 475002.5454117337}","{'BTC': -0.3, 'ETH': 0.2, 'SOL': 0.5, 'DOGE': -0.1, 'USDT': 0.3}",983767.9371872476
2025-02-01 19:00:00,"{'BTC': 0.00036263613088287344, 'ETH': 68.54646354179236, 'SOL': 1060.9101902355665, 'DOGE': 172934.75842530702, 'USDT': 468170.5636456966}","{'BTC': -0.3, 'ETH': 0.2, 'SOL': 0.5, 'DOGE': 0.0, 'USDT': 0.3}",976990.6368568048
2025-02-01 20:00:00,"{'BTC': 0.00029736162732395624, 'ETH': 68.54646354179236, 'SOL': 1088.6845071595515, 'DOGE': 172934.75842530702, 'USDT': 462107.46744013764}","{'BTC': -0.3, 'ETH': 0.0, 'SOL': 0.5, 'DOGE': 0.0, 'USDT': 0.3}",970744.8168954393
2025-02-01 21:00:00,"{'BTC': 0.00024383653440564413, 'ETH': 68.54646354179236, 'SOL': 1116.6492999804375, 'DOGE': 172934.75842530702, 'USDT': 456066.34234090085}","{'BTC': -0.3, 'ETH': 0.0, 'SOL': 0.5, 'DOGE': 0.0, 'USDT': 0.3}",967256.5451325662
2025-02-01 22:00:00,"{'BTC': 0.0001706855740839509, 'ETH': 56.20810010426974, 'SOL': 1127.8308185289982, 'DOGE': 172934.75842530702, 'USDT': 492380.1432683761}","{'BTC': -0.5, 'ETH': -0.3, 'SOL': 0.2, 'DOGE': 0.0, 'USDT': 0.6}",965305.8634261446
2025-02-01 23:00:00,"{'BTC': 0.00011947990185876564, 'ETH': 46.09064208550119, 'SOL': 1139.1087817664995, 'DOGE': 172934.75842530702, 'USDT': 521526.2143406279}","{'BTC': -0.5, 'ETH': -0.3, 'SOL': 0.2, 'DOGE': 0.0, 'USDT': 0.6}",961048.479453975
2025-02-02 00:00:00,"{'BTC': 9.797351952418784e-05, 'ETH': 40.55976503524104, 'SOL': 1139.1087817664995, 'DOGE': 172934.75842530702, 'USDT': 538958.0911392753}","{'BTC': -0.3, 'ETH': -0.2, 'SOL': 0.0, 'DOGE': 0.0, 'USDT': 0.5}",968141.6924933791
2025-02-02 01:00:00,"{'BTC': 6.858146366693148e-05, 'ETH': 33.25900732889765, 'SOL': 1139.1087817664995, 'DOGE': 172934.75842530702, 'USDT': 561974.2812842348}","{'BTC': -0.5, 'ETH': -0.3, 'SOL': 0.0, 'DOGE': 0.0, 'USDT': 0.6}",968648.8800993538
2025-02-02 02:00:00,"{'BTC': 4.800702456685204e-05, 'ETH': 27.272386009696074, 'SOL': 1139.1087817664995, 'DOGE': 172934.75842530702, 'USDT': 580631.7477755442}","{'BTC': -0.5, 'ETH': -0.3, 'SOL': 0.0, 'DOGE': 0.0, 'USDT': 0.8}",962540.7055009883
2025-02-02 03:00:00,"{'BTC': 4.800702456685204e-05, 'ETH': 22.36335652795078, 'SOL': 1139.1087817664995, 'DOGE': 172934.75842530702, 'USDT': 595739.912940114}","{'BTC': 0.0, 'ETH': -0.3, 'SOL': 0.0, 'DOGE': 0.0, 'USDT': 0.5}",951923.2909474226
2025-02-02 04:00:00,"{'BTC': 0.032006961864901505, 'ETH': 18.33795235291964, 'SOL': 1002.4157279545195, 'DOGE': 162558.6729197886, 'USDT': 636651.7704067474}","{'BTC': 0.2, 'ETH': -0.3, 'SOL': -0.2, 'DOGE': -0.1, 'USDT': 0.4}",954322.5924337332
2025-02-02 05:00:00,"{'BTC': 0.022404873305431054, 'ETH': 15.037120929394105, 'SOL': 1002.4157279545195, 'DOGE': 162558.6729197886, 'USDT': 647913.632806886}","{'BTC': -0.5, 'ETH': -0.3, 'SOL': 0.0, 'DOGE': 0.0, 'USDT': 0.8}",959172.7282776672
2025-02-02 06:00:00,"{'BTC': 0.01568341131380174, 'ETH': 12.330439162103165, 'SOL': 1002.4157279545195, 'DOGE': 162558.6729197886, 'USDT': 657017.7931739732}","{'BTC': -0.5, 'ETH': -0.3, 'SOL': 0.0, 'DOGE': 0.0, 'USDT': 0.8}",959587.8763183764
2025-02-02 07:00:00,"{'BTC': 0.010978387919661218, 'ETH': 10.110960112924595, 'SOL': 1002.4157279545195, 'DOGE': 162558.6729197886, 'USDT': 664370.1006754952}","{'BTC': -0.5, 'ETH': -0.3, 'SOL': 0.0, 'DOGE': 0.0, 'USDT': 0.8}",957725.6294909264
2025-02-02 08:00:00,"{'BTC': 0.007684871543762853, 'ETH': 8.290987292598167, 'SOL': 1019.1698008754473, 'DOGE': 162558.6729197886, 'USDT': 666752.1702810966}","{'BTC': -0.5, 'ETH': -0.3, 'SOL': 0.3, 'DOGE': 0.0, 'USDT': 0.5}",961850.4328399106
2025-02-02 09:00:00,"{'BTC': 0.005379410080633997, 'ETH': 6.798609579930497, 'SOL': 1019.1698008754473, 'DOGE': 162558.6729197886, 'USDT': 671625.2648891476}","{'BTC': -0.5, 'ETH': -0.3, 'SOL': 0.0, 'DOGE': 0.0, 'USDT': 0.8}",960116.8671854298
2025-02-02 10:00:00,"{'BTC': 0.0037655870564437983, 'ETH': 5.574859855543008, 'SOL': 1030.4667041523269, 'DOGE': 162558.6729197886, 'USDT': 673189.1204477202}","{'BTC': -0.5, 'ETH': -0.3, 'SOL': 0.2, 'DOGE': 0.0, 'USDT': 0.6}",957879.7926350755
2025-02-02 11:00:00,"{'BTC': 0.002635910939510659, 'ETH': 4.571385081545267, 'SOL': 1036.1742038291957, 'DOGE': 143051.63216941396, 'USDT': 680871.8791779658}","{'BTC': -0.5, 'ETH': -0.3, 'SOL': 0.1, 'DOGE': -0.2, 'USDT': 0.7}",952728.264661117
2025-02-02 12:00:00,"{'BTC': 0.0018451376576574612, 'ETH': 3.7485357668671186, 'SOL': 1047.6014220958589, 'DOGE': 143051.63216941396, 'USDT': 681080.2647483001}","{'BTC': -0.5, 'ETH': -0.3, 'SOL': 0.2, 'DOGE': 0.0, 'USDT': 0.6}",952206.3295470495
2025-02-02 13:00:00,"{'BTC': 0.0012915963603602229, 'ETH': 3.0737993288310372, 'SOL': 1058.85701513082, 'DOGE': 143051.63216941396, 'USDT': 680822.623250597}","{'BTC': -0.5, 'ETH': -0.3, 'SOL': 0.2, 'DOGE': 0.0, 'USDT': 0.6}",958018.0002758256
2025-02-02 14:00:00,"{'BTC': 0.0010591090154953827, 'ETH': 2.704943409371313, 'SOL': 1085.816204734988, 'DOGE': 143051.63216941396, 'USDT': 676230.5901319613}","{'BTC': -0.3, 'ETH': -0.2, 'SOL': 0.3, 'DOGE': 0.0, 'USDT': 0.2}",958825.5949437477
2025-02-02 15:00:00,"{'BTC': 0.0007413763108467679, 'ETH': 2.2180535956844767, 'SOL': 1102.7406959417315, 'DOGE': 143051.63216941396, 'USDT': 674173.441233819}","{'BTC': -0.5, 'ETH': -0.3, 'SOL': 0.3, 'DOGE': 0.0, 'USDT': 0.5}",956819.566236642
2025-02-02 16:00:00,"{'BTC': 0.0005189634175927375, 'ETH': 1.6857207327202022, 'SOL': 1114.227743516116, 'DOGE': 117302.33837891945, 'USDT': 680652.047594746}","{'BTC': -0.5, 'ETH': -0.4, 'SOL': 0.2, 'DOGE': -0.3, 'USDT': 0.6}",948418.4338591112
2025-02-02 17:00:00,"{'BTC': 0.00036327439231491625, 'ETH': 1.3822910008305658, 'SOL': 1114.227743516116, 'DOGE': 103226.05777344911, 'USDT': 685397.3805811609}","{'BTC': -0.5, 'ETH': -0.3, 'SOL': 0.0, 'DOGE': -0.2, 'USDT': 0.8}",943119.1807107602
2025-02-02 18:00:00,"{'BTC': 0.0002542920746204414, 'ETH': 1.1334786206810639, 'SOL': 1114.227743516116, 'DOGE': 90838.93084063522, 'USDT': 689458.4155840339}","{'BTC': -0.5, 'ETH': -0.3, 'SOL': 0.0, 'DOGE': -0.2, 'USDT': 0.8}",936917.8335975346
2025-02-02 19:00:00,"{'BTC': 0.00020851950118876193, 'ETH': 0.8614437517176086, 'SOL': 1114.227743516116, 'DOGE': 90838.93084063522, 'USDT': 690267.7587922954}","{'BTC': -0.3, 'ETH': -0.4, 'SOL': 0.0, 'DOGE': 0.0, 'USDT': 0.7}",944150.2233709018
2025-02-02 20:00:00,"{'BTC': 0.00014596365083213334, 'ETH': 0.706383876408439, 'SOL': 1114.227743516116, 'DOGE': 90838.93084063522, 'USDT': 690731.4400978357}","{'BTC': -0.5, 'ETH': -0.3, 'SOL': 0.0, 'DOGE': 0.0, 'USDT': 0.8}",943397.9186018417
2025-02-02 21:00:00,"{'BTC': 0.00011969019368234933, 'ETH': 0.5368517460704136, 'SOL': 1114.227743516116, 'DOGE': 90838.93084063522, 'USDT': 691226.9494980124}","{'BTC': -0.3, 'ETH': -0.4, 'SOL': 0.0, 'DOGE': 0.0, 'USDT': 0.5}",942102.5255113338
2025-02-02 22:00:00,"{'BTC': 8.378313557764454e-05, 'ETH': 0.44021843177773917, 'SOL': 1114.227743516116, 'DOGE': 90838.93084063522, 'USDT': 691508.3383023015}","{'BTC': -0.5, 'ETH': -0.3, 'SOL': 0.0, 'DOGE': 0.0, 'USDT': 0.8}",943146.3110742089
2025-02-02 23:00:00,"{'BTC': 5.8648194904351174e-05, 'ETH': 0.36097911405774613, 'SOL': 1114.227743516116, 'DOGE': 90838.93084063522, 'USDT': 691738.1804353867}","{'BTC': -0.5, 'ETH': -0.3, 'SOL': 0.0, 'DOGE': 0.0, 'USDT': 0.8}",943444.6916850758
2025-02-03 00:00:00,"{'BTC': 4.809151982156796e-05, 'ETH': 0.2526853798404223, 'SOL': 846.8130850722482, 'DOGE': 74487.92328932088, 'USDT': 749385.5741619866}","{'BTC': -0.3, 'ETH': -0.5, 'SOL': -0.4, 'DOGE': -0.3, 'USDT': 0.5}",937001.8314406925
2025-02-03 01:00:00,"{'BTC': 4.809151982156796e-05, 'ETH': 0.1768797658882956, 'SOL': 694.3867297592435, 'DOGE': 56610.821699883876, 'USDT': 781646.8579308118}","{'BTC': 0.0, 'ETH': -0.5, 'SOL': -0.3, 'DOGE': -0.4, 'USDT': 0.7}",922151.5533563786
2025-02-03 02:00:00,"{'BTC': 4.809151982156796e-05, 'ETH': 0.12381583612180691, 'SOL': 569.3971184025797, 'DOGE': 43024.224491911744, 'USDT': 808334.8245008432}","{'BTC': 0.0, 'ETH': -0.5, 'SOL': -0.3, 'DOGE': -0.4, 'USDT': 0.8}",925527.5636799342
2025-02-03 03:00:00,"{'BTC': 4.809151982156796e-05, 'ETH': 0.08667108528526485, 'SOL': 466.9056370901154, 'DOGE': 32698.410613852924, 'USDT': 831117.7932898172}","{'BTC': 0.0, 'ETH': -0.5, 'SOL': -0.3, 'DOGE': -0.4, 'USDT': 0.8}",931989.975706236
2025-02-03 04:00:00,"{'BTC': 4.809151982156796e-05, 'ETH': 0.0606697596996854, 'SOL': 382.86262241389466, 'DOGE': 28774.601340190573, 'USDT': 848003.262637888}","{'BTC': 0.0, 'ETH': -0.5, 'SOL': -0.3, 'DOGE': -0.2, 'USDT': 0.8}",927839.1333894026
2025-02-03 05:00:00,"{'BTC': 0.024734707214685007, 'ETH': 0.04246883178977978, 'SOL': 313.94735037939364, 'DOGE': 21868.697018544837, 'USDT': 860927.7845111997}","{'BTC': 0.2, 'ETH': -0.5, 'SOL': -0.3, 'DOGE': -0.4, 'USDT': 0.6}",931055.5628120804
2025-02-03 06:00:00,"{'BTC': 0.020282459916041707, 'ETH': 0.032276312160232634, 'SOL': 276.2736683338664, 'DOGE': 20556.575197432147, 'USDT': 869068.6664317031}","{'BTC': -0.3, 'ETH': -0.4, 'SOL': -0.2, 'DOGE': -0.1, 'USDT': 0.5}",930942.2040274226
2025-02-03 07:00:00,"{'BTC': 0.0166316171311542, 'ETH': 0.022593418512162844, 'SOL': 209.96798793373847, 'DOGE': 18089.78617374029, 'USDT': 883277.8876322943}","{'BTC': -0.3, 'ETH': -0.5, 'SOL': -0.4, 'DOGE': -0.2, 'USDT': 0.6}",932298.8320090363
2025-02-03 08:00:00,"{'BTC': 0.013637926047546444, 'ETH': 0.017170998069243763, 'SOL': 184.77182938168986, 'DOGE': 14833.624662467037, 'USDT': 889315.2397374491}","{'BTC': -0.3, 'ETH': -0.4, 'SOL': -0.2, 'DOGE': -0.3, 'USDT': 0.8}",931297.3430096545
2025-02-03 09:00:00,"{'BTC': 0.011183099358988084, 'ETH': 0.01304995853262526, 'SOL': 129.3402805671829, 'DOGE': 11273.554743474948, 'USDT': 901217.5387916899}","{'BTC': -0.3, 'ETH': -0.4, 'SOL': -0.5, 'DOGE': -0.4, 'USDT': 0.8}",931241.846225739
2025-02-03 10:00:00,"{'BTC': 0.009841127435909515, 'ETH': 0.010700965996752713, 'SOL': 121.57986373315192, 'DOGE': 10597.14145886645, 'USDT': 903094.9160536829}","{'BTC': -0.2, 'ETH': -0.3, 'SOL': -0.1, 'DOGE': -0.1, 'USDT': 0.7}",932290.9308609065
2025-02-03 11:00:00,"{'BTC': 0.008069724497445802, 'ETH': 0.008132734157532063, 'SOL': 106.9902800851737, 'DOGE': 9325.484483802476, 'USDT': 906491.800583932}","{'BTC': -0.3, 'ETH': -0.4, 'SOL': -0.2, 'DOGE': -0.2, 'USDT': 0.8}",931520.7875126195
2025-02-03 12:00:00,"{'BTC': 0.006617174087905558, 'ETH': 0.005692913910272444, 'SOL': 81.31261286473202, 'DOGE': 7646.897276718031, 'USDT': 912067.2729237482}","{'BTC': -0.3, 'ETH': -0.5, 'SOL': -0.4, 'DOGE': -0.3, 'USDT': 0.5}",931158.9797974668
2025-02-03 13:00:00,"{'BTC': 0.005426082752082557, 'ETH': 0.0039850397371907105, 'SOL': 61.79758577719633, 'DOGE': 5352.828093702622, 'USDT': 916558.6195875831}","{'BTC': -0.3, 'ETH': -0.5, 'SOL': -0.4, 'DOGE': -0.5, 'USDT': 0.7}",930981.4979450867
2025-02-03 14:00:00,"{'BTC': 0.041559614115260865, 'ETH': 0.0032677325844963825, 'SOL': 54.381875483932774, 'DOGE': 5031.658408080465, 'USDT': 914632.4619667357}","{'BTC': 0.3, 'ETH': -0.3, 'SOL': -0.2, 'DOGE': -0.1, 'USDT': 0.5}",931531.3880957849
2025-02-03 15:00:00,"{'BTC': 0.08865705458446357, 'ETH': 1.0379103027609182, 'SOL': 63.369850787331444, 'DOGE': 5031.658408080465, 'USDT': 905318.7375012501}","{'BTC': 0.5, 'ETH': 0.3, 'SOL': 0.2, 'DOGE': 0.0, 'USDT': -0.3}",932860.1591446872
2025-02-03 16:00:00,"{'BTC': 0.1477208457510919, 'ETH': 0.9756356845952632, 'SOL': 80.19150878633182, 'DOGE': 5031.658408080465, 'USDT': 896173.4965135786}","{'BTC': 0.5, 'ETH': -0.1, 'SOL': 0.3, 'DOGE': 0.0, 'USDT': -0.3}",932606.6253685271
2025-02-03 17:00:00,"{'BTC': 0.17901679692131633, 'ETH': 0.8000212613681158, 'SOL': 70.56852773197201, 'DOGE': 4729.758903595637, 'USDT': 895616.8899441236}","{'BTC': 0.2, 'ETH': -0.3, 'SOL': -0.2, 'DOGE': -0.1, 'USDT': 0.4}",932637.8423446269
2025-02-03 18:00:00,"{'BTC': 0.20447305518790457, 'ETH': 0.7520199856860289, 'SOL': 78.56883444076723, 'DOGE': 4729.758903595637, 'USDT': 891512.0833486366}","{'BTC': 0.3, 'ETH': -0.1, 'SOL': 0.2, 'DOGE': 0.0, 'USDT': 0.6}",933523.5086117436
2025-02-03 19:00:00,"{'BTC': 0.23880040784217776, 'ETH': 1.3846727669902508, 'SOL': 92.11854809756291, 'DOGE': 8793.811115943818, 'USDT': 882185.2661810745}","{'BTC': 0.6, 'ETH': 0.3, 'SOL': 0.5, 'DOGE': 0.2, 'USDT': -0.4}",934154.5483114772
2025-02-03 20:00:00,"{'BTC': 0.2664493533326277, 'ETH': 0.9692709368931756, 'SOL': 75.53720944000159, 'DOGE': 7738.55378203056, 'USDT': 884313.4486430221}","{'BTC': 0.3, 'ETH': -0.5, 'SOL': -0.3, 'DOGE': -0.2, 'USDT': 0.7}",933019.9888890677
2025-02-03 21:00:00,"{'BTC': 0.29392896994368634, 'ETH': 0.9692709368931756, 'SOL': 84.15186504234275, 'DOGE': 7738.55378203056, 'USDT': 879649.7041235971}","{'BTC': 0.3, 'ETH': 0.0, 'SOL': 0.2, 'DOGE': 0.0, 'USDT': 0.5}",933592.6257302779
2025-02-03 22:00:00,"{'BTC': 0.3292117107383656, 'ETH': 0.794802168252404, 'SOL': 90.75009320283701, 'DOGE': 7738.55378203056, 'USDT': 875127.2382606437}","{'BTC': 0.5, 'ETH': -0.3, 'SOL': 0.2, 'DOGE': 0.0, 'USDT': 0.6}",933731.5976062398
2025-02-03 23:00:00,"{'BTC': 0.35988718087659366, 'ETH': 0.6517377779669713, 'SOL': 79.86008201849657, 'DOGE': 5881.300874343226, 'USDT': 875314.8623398882}","{'BTC': 0.3, 'ETH': -0.3, 'SOL': -0.2, 'DOGE': -0.4, 'USDT': 0.6}",933482.8495194067
2025-02-04 00:00:00,"{'BTC': 0.3906345888028706, 'ETH': 1.563380469557345, 'SOL': 96.69951222572115, 'DOGE': 5881.300874343226, 'USDT': 865990.837608095}","{'BTC': 0.6, 'ETH': 0.5, 'SOL': 0.7, 'DOGE': 0.0, 'USDT': -0.3}",933188.2981608779
2025-02-04 01:00:00,"{'BTC': 0.42130345025316485, 'ETH': 2.4715438055973293, 'SOL': 113.29157727338122, 'DOGE': 5881.300874343226, 'USDT': 856661.93275976}","{'BTC': 0.6, 'ETH': 0.5, 'SOL': 0.7, 'DOGE': 0.0, 'USDT': -0.3}",933680.393619261
2025-02-04 02:00:00,"{'BTC': 0.4543133555395818, 'ETH': 3.184462594845737, 'SOL': 131.81159907489908, 'DOGE': 5881.300874343226, 'USDT': 847340.1928969268}","{'BTC': 0.5, 'ETH': 0.3, 'SOL': 0.6, 'DOGE': 0.0, 'USDT': -0.3}",932846.8926680118
2025-02-04 03:00:00,"{'BTC': 0.4913602609834039, 'ETH': 3.8476255473825987, 'SOL': 146.23020743474927, 'DOGE': 8090.101937994174, 'USDT': 838019.499780046}","{'BTC': 0.6, 'ETH': 0.3, 'SOL': 0.5, 'DOGE': 0.1, 'USDT': -0.4}",932775.1003891903
2025-02-04 04:00:00,"{'BTC': 0.5246004278651784, 'ETH': 4.560183575986324, 'SOL': 164.9752611980348, 'DOGE': 8090.101937994174, 'USDT': 828705.9962569289}","{'BTC': 0.5, 'ETH': 0.3, 'SOL': 0.6, 'DOGE': 0.0, 'USDT': -0.4}",932171.9663087626
2025-02-04 05:00:00,"{'BTC': 0.5581393266876266, 'ETH': 5.299561229547095, 'SOL': 184.48419692530734, 'DOGE': 8090.101937994174, 'USDT': 819419.8436873893}","{'BTC': 0.5, 'ETH': 0.3, 'SOL': 0.6, 'DOGE': 0.0, 'USDT': -0.3}",929431.5148722099
2025-02-04 06:00:00,"{'BTC': 0.5856528159931652, 'ETH': 6.502334046080602, 'SOL': 195.0715128368878, 'DOGE': 12217.77036329122, 'USDT': 810123.8708982023}","{'BTC': 0.5, 'ETH': 0.6, 'SOL': 0.4, 'DOGE': 0.2, 'USDT': -0.3}",930317.6129738488
2025-02-04 07:00:00,"{'BTC': 0.6193249775590686, 'ETH': 7.238272737230857, 'SOL': 214.55612612676376, 'DOGE': 12217.77036329122, 'USDT': 800840.1101601868}","{'BTC': 0.5, 'ETH': 0.3, 'SOL': 0.6, 'DOGE': 0.0, 'USDT': -0.3}",929072.4752460718
2025-02-04 08:00:00,"{'BTC': 0.6507983677380611, 'ETH': 7.926198836723163, 'SOL': 232.7874339628327, 'DOGE': 14573.353961395092, 'USDT': 791558.577691731}","{'BTC': 0.5, 'ETH': 0.3, 'SOL': 0.6, 'DOGE': 0.1, 'USDT': -0.3}",928847.7600666487
2025-02-04 09:00:00,"{'BTC': 0.6743984631393122, 'ETH': 8.95970882049841, 'SOL': 248.66459453456045, 'DOGE': 18107.93411403568, 'USDT': 782274.6620787212}","{'BTC': 0.5, 'ETH': 0.6, 'SOL': 0.7, 'DOGE': 0.2, 'USDT': -0.3}",929115.1058637768
2025-02-04 10:00:00,"{'BTC': 0.7020841872615515, 'ETH': 10.152774936033829, 'SOL': 259.200689700686, 'DOGE': 22200.54755145239, 'USDT': 772974.189843098}","{'BTC': 0.5, 'ETH': 0.6, 'SOL': 0.4, 'DOGE': 0.2, 'USDT': -0.3}",930689.1350876687
2025-02-04 11:00:00,"{'BTC': 0.7297264369512373, 'ETH': 11.343180418219951, 'SOL': 269.74047859061443, 'DOGE': 26289.841138890286, 'USDT': 763671.8223670331}","{'BTC': 0.5, 'ETH': 0.6, 'SOL': 0.4, 'DOGE': 0.2, 'USDT': -0.3}",930946.4313607941
2025-02-04 12:00:00,"{'BTC': 0.7573133696657652, 'ETH': 12.51604641965178, 'SOL': 280.12600861270516, 'DOGE': 30316.396929001265, 'USDT': 754350.4827694016}","{'BTC': 0.5, 'ETH': 0.6, 'SOL': 0.4, 'DOGE': 0.2, 'USDT': -0.3}",932902.5631238482
2025-02-04 13:00:00,"{'BTC': 0.7886668173725966, 'ETH': 13.848584202288464, 'SOL': 291.9324228394633, 'DOGE': 30316.396929001265, 'USDT': 745036.0237917642}","{'BTC': 0.5, 'ETH': 0.6, 'SOL': 0.4, 'DOGE': 0.0, 'USDT': -0.3}",932332.3130027263
2025-02-04 14:00:00,"{'BTC': 0.8086763605129732, 'ETH': 15.031675031007971, 'SOL': 310.6076521929632, 'DOGE': 30316.396929001265, 'USDT': 735698.9609284644}","{'BTC': 0.3, 'ETH': 0.5, 'SOL': 0.6, 'DOGE': 0.0, 'USDT': -0.4}",934494.7816809411
2025-02-04 15:00:00,"{'BTC': 0.8287945879683599, 'ETH': 16.471369722383727, 'SOL': 326.0566773516319, 'DOGE': 30316.396929001265, 'USDT': 726369.5071736152}","{'BTC': 0.3, 'ETH': 0.6, 'SOL': 0.5, 'DOGE': 0.0, 'USDT': -0.2}",933581.87130992
2025-02-04 16:00:00,"{'BTC': 0.8489649724962369, 'ETH': 17.664686369572326, 'SOL': 344.67939970682903, 'DOGE': 28497.413113261187, 'USDT': 717531.3225794375}","{'BTC': 0.3, 'ETH': 0.5, 'SOL': 0.6, 'DOGE': -0.1, 'USDT': 0.0}",933002.3628428134
2025-02-04 17:00:00,"{'BTC': 0.8691202050527129, 'ETH': 19.084694293626228, 'SOL': 360.25658505584545, 'DOGE': 28497.413113261187, 'USDT': 708202.6696733576}","{'BTC': 0.3, 'ETH': 0.6, 'SOL': 0.5, 'DOGE': 0.0, 'USDT': -0.4}",933327.3728360131
2025-02-04 18:00:00,"{'BTC': 0.8892418082222247, 'ETH': 20.26294500942128, 'SOL': 378.9129217581837, 'DOGE': 28497.413113261187, 'USDT': 698866.5425200281}","{'BTC': 0.3, 'ETH': 0.5, 'SOL': 0.6, 'DOGE': 0.0, 'USDT': -0.2}",934029.1238758301
2025-02-04 19:00:00,"{'BTC': 0.9093852489946456, 'ETH': 21.699261917221726, 'SOL': 394.8245753744538, 'DOGE': 28497.413113261187, 'USDT': 689569.9602052148}","{'BTC': 0.3, 'ETH': 0.6, 'SOL': 0.5, 'DOGE': 0.0, 'USDT': -0.2}",930163.1288668454
2025-02-04 20:00:00,"{'BTC': 0.9355023051748746, 'ETH': 23.019025752699125, 'SOL': 409.81001507598575, 'DOGE': 28497.413113261187, 'USDT': 680294.5195618774}","{'BTC': 0.5, 'ETH': 0.7, 'SOL': 0.6, 'DOGE': 0.0, 'USDT': -0.3}",927924.50098394
2025-02-04 21:00:00,"{'BTC': 0.7671118902433972, 'ETH': 24.362181609215988, 'SOL': 430.75318898546425, 'DOGE': 28497.413113261187, 'USDT': 688739.0609420532}","{'BTC': -0.3, 'ETH': 0.5, 'SOL': 0.6, 'DOGE': 0.0, 'USDT': 0.2}",922017.7512342847
2025-02-04 22:00:00,"{'BTC': 0.8009335337494154, 'ETH': 25.100715051368446, 'SOL': 450.0534012826822, 'DOGE': 28497.413113261187, 'USDT': 679489.1698968674}","{'BTC': 0.5, 'ETH': 0.3, 'SOL': 0.6, 'DOGE': 0.0, 'USDT': -0.3}",925442.0272835933
2025-02-04 23:00:00,"{'BTC': 0.8212462689546299, 'ETH': 26.312588956680372, 'SOL': 469.2754575563844, 'DOGE': 28497.413113261187, 'USDT': 670220.328380023}","{'BTC': 0.3, 'ETH': 0.5, 'SOL': 0.6, 'DOGE': 0.0, 'USDT': -0.4}",927113.4126791359
2025-02-05 00:00:00,"{'BTC': 0.8495492228116209, 'ETH': 26.312588956680372, 'SOL': 491.6975610539953, 'DOGE': 28497.413113261187, 'USDT': 662801.7218560718}","{'BTC': 0.3, 'ETH': 0.0, 'SOL': 0.5, 'DOGE': 0.0, 'USDT': 0.2}",927655.7863024855
2025-02-05 01:00:00,"{'BTC': 0.8925680613535781, 'ETH': 21.576322944477905, 'SOL': 516.2725527655265, 'DOGE': 28497.413113261187, 'USDT': 666432.3489983235}","{'BTC': 0.5, 'ETH': -0.3, 'SOL': 0.6, 'DOGE': 0.0, 'USDT': -0.4}",926352.1008169143
2025-02-05 02:00:00,"{'BTC': 0.7319058103099341, 'ETH': 20.28174356780923, 'SOL': 544.2041360855096, 'DOGE': 28497.413113261187, 'USDT': 679926.7052818175}","{'BTC': -0.3, 'ETH': -0.1, 'SOL': 0.5, 'DOGE': 0.0, 'USDT': 0.3}",927981.0480097942
2025-02-05 03:00:00,"{'BTC': 0.7673646596092776, 'ETH': 19.064838953740676, 'SOL': 572.1520268998794, 'DOGE': 28497.413113261187, 'USDT': 673964.9927306159}","{'BTC': 0.3, 'ETH': -0.1, 'SOL': 0.5, 'DOGE': 0.0, 'USDT': -0.4}",927542.6493398597
2025-02-05 04:00:00,"{'BTC': 0.7909761407046021, 'ETH': 16.777058279291793, 'SOL': 590.970962021255, 'DOGE': 28497.413113261187, 'USDT': 674034.679043609}","{'BTC': 0.3, 'ETH': -0.2, 'SOL': 0.5, 'DOGE': 0.0, 'USDT': 0.4}",926349.133922352
2025-02-05 05:00:00,"{'BTC': 0.8264320614254164, 'ETH': 16.777058279291793, 'SOL': 619.059410669208, 'DOGE': 28497.413113261187, 'USDT': 664754.2805643608}","{'BTC': 0.3, 'ETH': 0.0, 'SOL': 0.5, 'DOGE': 0.0, 'USDT': -0.4}",928231.9965336379
2025-02-05 06:00:00,"{'BTC': 0.8695226337975347, 'ETH': 16.777058279291793, 'SOL': 643.7206608532019, 'DOGE': 28497.413113261187, 'USDT': 655496.2893360298}","{'BTC': 0.5, 'ETH': 0.0, 'SOL': 0.6, 'DOGE': 0.0, 'USDT': -0.3}",926077.4995197449
2025-02-05 07:00:00,"{'BTC': 0.9050196820306156, 'ETH': 15.770434782534286, 'SOL': 671.9525807396199, 'DOGE': 28497.413113261187, 'USDT': 649009.178664107}","{'BTC': 0.3, 'ETH': -0.1, 'SOL': 0.5, 'DOGE': 0.0, 'USDT': -0.2}",926775.3322061384
2025-02-05 08:00:00,"{'BTC': 0.9481451095654971, 'ETH': 14.824208695582229, 'SOL': 696.6077257979621, 'DOGE': 28497.413113261187, 'USDT': 642369.772689572}","{'BTC': 0.5, 'ETH': -0.1, 'SOL': 0.6, 'DOGE': 0.0, 'USDT': -0.3}",926721.5255167697
2025-02-05 09:00:00,"{'BTC': 0.7774789898437077, 'ETH': 14.824208695582229, 'SOL': 725.0252481739, 'DOGE': 28497.413113261187, 'USDT': 653215.9515710672}","{'BTC': -0.3, 'ETH': 0.0, 'SOL': 0.5, 'DOGE': 0.0, 'USDT': 0.3}",925215.4201139945
2025-02-05 10:00:00,"{'BTC': 0.8090656751274934, 'ETH': 15.19458041808181, 'SOL': 750.1653100216733, 'DOGE': 28497.413113261187, 'USDT': 643951.8103903349}","{'BTC': 0.3, 'ETH': 0.1, 'SOL': 0.5, 'DOGE': 0.0, 'USDT': -0.2}",926765.0500407722
2025-02-05 11:00:00,"{'BTC': 0.8454189448816845, 'ETH': 15.704644360426963, 'SOL': 770.933389152944, 'DOGE': 28497.413113261187, 'USDT': 634668.0589622537}","{'BTC': 0.5, 'ETH': 0.2, 'SOL': 0.6, 'DOGE': 0.0, 'USDT': -0.3}",928715.6505719289
2025-02-05 12:00:00,"{'BTC': 0.8817681568747815, 'ETH': 16.2162140103371, 'SOL': 791.812726138716, 'DOGE': 28497.413113261187, 'USDT': 625399.1558758717}","{'BTC': 0.5, 'ETH': 0.2, 'SOL': 0.6, 'DOGE': 0.0, 'USDT': -0.3}",927208.2397072632
2025-02-05 13:00:00,"{'BTC': 0.915409056828028, 'ETH': 16.922370718324185, 'SOL': 811.133365700182, 'DOGE': 28497.413113261187, 'USDT': 616110.8239490308}","{'BTC': 0.5, 'ETH': 0.3, 'SOL': 0.6, 'DOGE': 0.0, 'USDT': -0.4}",929155.2529615152
2025-02-05 14:00:00,"{'BTC': 0.9582374433560753, 'ETH': 16.922370718324185, 'SOL': 835.9040404499474, 'DOGE': 28497.413113261187, 'USDT': 606848.6876187342}","{'BTC': 0.5, 'ETH': 0.0, 'SOL': 0.6, 'DOGE': 0.0, 'USDT': -0.3}",926533.1348681983
2025-02-05 15:00:00,"{'BTC': 1.0170939283305296, 'ETH': 16.922370718324185, 'SOL': 853.0704226027598, 'DOGE': 28497.413113261187, 'USDT': 597608.2505356072}","{'BTC': 0.5, 'ETH': 0.0, 'SOL': 0.3, 'DOGE': 0.0, 'USDT': -0.3}",924274.6367226755
2025-02-05 16:00:00,"{'BTC': 1.0523786638232135, 'ETH': 16.922370718324185, 'SOL': 881.9125965823009, 'DOGE': 28497.413113261187, 'USDT': 588388.0222084819}","{'BTC': 0.3, 'ETH': 0.0, 'SOL': 0.5, 'DOGE': 0.0, 'USDT': -0.2}",922211.6691662256
2025-02-05 17:00:00,"{'BTC': 1.0951860545949195, 'ETH': 16.922370718324185, 'SOL': 894.6031156948899, 'DOGE': 26787.568326465516, 'USDT': 582143.2319309349}","{'BTC': 0.5, 'ETH': 0.0, 'SOL': 0.3, 'DOGE': -0.1, 'USDT': 0.3}",919142.8268374193
2025-02-05 18:00:00,"{'BTC': 1.1307684001429374, 'ETH': 16.922370718324185, 'SOL': 923.616489143384, 'DOGE': 26787.568326465516, 'USDT': 572964.3020193836}","{'BTC': 0.3, 'ETH': 0.0, 'SOL': 0.5, 'DOGE': 0.0, 'USDT': -0.2}",917923.7165215311
2025-02-05 19:00:00,"{'BTC': 1.189900362296239, 'ETH': 16.922370718324185, 'SOL': 940.9284809523343, 'DOGE': 26787.568326465516, 'USDT': 563751.1407531803}","{'BTC': 0.5, 'ETH': 0.0, 'SOL': 0.3, 'DOGE': 0.0, 'USDT': -0.2}",921452.230901225
2025-02-05 20:00:00,"{'BTC': 1.218258679122677, 'ETH': 15.907028475224735, 'SOL': 964.099114320061, 'DOGE': 26787.568326465516, 'USDT': 559196.4813614459}","{'BTC': 0.3, 'ETH': -0.1, 'SOL': 0.5, 'DOGE': 0.0, 'USDT': 0.2}",920073.8755583774
2025-02-05 21:00:00,"{'BTC': 0.9989721168805952, 'ETH': 16.56743097289685, 'SOL': 987.2354534161923, 'DOGE': 26787.568326465516, 'USDT': 574009.5349626984}","{'BTC': -0.3, 'ETH': 0.2, 'SOL': 0.5, 'DOGE': 0.0, 'USDT': 0.3}",920327.9392818946
2025-02-05 22:00:00,"{'BTC': 0.819157135842088, 'ETH': 16.56743097289685, 'SOL': 1016.4562455469303, 'DOGE': 26787.568326465516, 'USDT': 585630.4188166176}","{'BTC': -0.3, 'ETH': 0.0, 'SOL': 0.5, 'DOGE': 0.0, 'USDT': 0.3}",916529.0802538989
2025-02-05 23:00:00,"{'BTC': 0.6717088513905122, 'ETH': 16.978607842756663, 'SOL': 1045.6909424043026, 'DOGE': 26787.568326465516, 'USDT': 592998.5505435718}","{'BTC': -0.3, 'ETH': 0.1, 'SOL': 0.5, 'DOGE': 0.0, 'USDT': 0.2}",917169.1522603249
